event_time,year,mo,dy,hr,mn,sec,tsunami_event_validity,tsunami_cause_code,earthquake_magnitude,vol,deposits,country,location_name,latitude,longitude,maximum_water_height_m,number_of_runups,tsunami_magnitude_iida,tsunami_intensity,deaths,death_description,injuries,injuries_description,damage_description,houses_destroyed,houses_destroyed_description,houses_damaged,houses_damaged_description,total_deaths,total_death_description,total_injuries,total_injuries_description,total_damage_description,total_houses_destroyed,total_houses_destroyed_description,total_houses_damaged,total_houses_damaged_description,damage_usd,total_damage_usd,earthquake_magnitude_missing,mw,seismic_energy_j,energy_prev30d,events_prev30d,region_1deg,cause_txt,validity_txt
1990-02-08 07:15:32,1990,2,8,7,15.0,32.0,4.0,1.0,6.6,,0.0,PHILIPPINES,PHILIPPINES,9.755,124.694,2.1,14.0,-1.0,0.5,,,,,,,,,,6.0,1.0,300.0,3.0,1.0,,,600.0,3.0,0.0,900000.0,False,6.6,501187233627271.44,501187233627271.44,1.0,75,0,0
1990-02-20 06:53:40,1990,2,20,6,53.0,40.0,4.0,1.0,6.4,,0.0,JAPAN,JAPAN,34.706,139.252,0.16,1.0,-1.7,0.5,,,,,,,,,,,,,,,,,,,0.0,0.0,False,6.4,251188643150959.25,752375876778230.8,2.0,121,0,0
1990-04-05 21:12:36,1990,4,5,21,12.0,36.0,4.0,1.0,7.5,,0.0,USA TERRITORY,"MARIANA TRENCH, N. MARIANA ISLANDS",15.125,147.596,1.8,34.0,-1.0,0.5,,,,,,,,,,,,,,,,,,,0.0,0.0,False,7.5,1.1220184543019652e+16,1.1220184543019652e+16,1.0,82,0,0
1990-07-16 07:26:35,1990,7,16,7,26.0,35.0,3.0,1.0,7.8,,0.0,PHILIPPINES,W. LUZON ISLAND,15.679,121.172,2.0,1.0,-1.0,0.5,,,,,1.0,,,,,2412.0,4.0,3000.0,4.0,4.0,,,,,0.0,369600000.0,False,7.8,3.162277660168379e+16,3.162277660168379e+16,1.0,84,0,2
1990-09-23 21:13:07,1990,9,23,21,13.0,7.0,4.0,1.0,6.5,,0.0,JAPAN,"W. OF BONIN ISLANDS, IZU IS., JAPAN",33.267,138.643,0.2,4.0,-1.0,0.5,,,,,,,,,,,,,,,,,,,0.0,0.0,False,6.5,354813389233576.06,354813389233576.06,1.0,115,0,0
1990-12-13 19:50:18,1990,12,13,19,50.0,18.0,4.0,1.0,6.3,,0.0,TAIWAN,TAIWAN,23.722,121.627,0.04,2.0,-1.0,0.5,,,,,,,,,,,,,,1.0,,,,,0.0,0.0,False,6.3,177827941003892.28,177827941003892.28,1.0,96,0,0
1991-02-09 16:18:58,1991,2,9,16,18.0,58.0,4.0,1.0,6.9,,0.0,SOLOMON ISLANDS,SOLOMON ISLANDS,-9.929,159.139,0.02,1.0,-3.3,0.5,,,,,,,,,,,,,,1.0,,,,,0.0,0.0,False,6.9,1412537544622761.2,1412537544622761.2,1.0,1,0,0
1991-02-16 01:23:40,1991,2,16,1,23.0,40.0,4.0,1.0,5.7,,0.0,RUSSIA,N. KURIL ISLANDS,48.268,154.328,0.1,1.0,-3.3,0.5,,,,,,,,,,,,,,,,,,,0.0,0.0,False,5.7,22387211385683.47,1434924756008444.8,2.0,153,0,0
1991-10-14 15:58:13,1991,10,14,15,58.0,13.0,4.0,1.0,7.2,,0.0,SOLOMON ISLANDS,SOLOMON ISLANDS,-9.094,158.442,0.15,2.0,-3.3,-2.5,,,,,,,,,,,,,,,,,,,0.0,0.0,False,7.2,3981071705534985.5,3981071705534985.5,1.0,71,0,0
1991-12-22 08:43:13,1991,12,22,8,43.0,13.0,1.0,1.0,7.6,,0.0,RUSSIA,S. KURIL ISLANDS,45.533,151.021,0.52,6.0,-1.0,0.5,,,,,,,,,,,,,,,,,,,0.0,0.0,False,7.6,1.5848931924611108e+16,1.5848931924611108e+16,1.0,148,0,4
1992-01-05 06:00:00,1992,1,5,6,,,4.0,3.0,3.7,,0.0,CHINA,SOUTH CHINA SEA,18.0,108.0,0.8,5.0,-0.3,0.5,,,,,1.0,,,,,,,,,1.0,,,,,0.0,0.0,False,3.7,22387211385.683468,1.5848954311822494e+16,2.0,85,2,0
1992-05-17 10:15:31,1992,5,17,10,15.0,31.0,4.0,1.0,7.3,,1.0,PHILIPPINES,PHILIPPINES,7.191,126.762,6.0,3.0,-1.0,0.5,,,,,1.0,12.0,,,,,,,,1.0,12.0,1.0,,,0.0,0.0,False,7.3,5623413251903491.0,5623413251903491.0,1.0,159,0,0
1992-05-27 05:13:39,1992,5,27,5,13.0,39.0,4.0,1.0,7.1,,0.0,SOLOMON ISLANDS,SANTA CRUZ ISLANDS,-11.122,165.239,0.0,1.0,-1.0,0.5,,,,,,,,,,,,,,,,,,,0.0,0.0,False,7.1,2818382931264449.0,8441796183167939.0,2.0,8,0,0
1992-07-18 08:36:59,1992,7,18,8,36.0,59.0,4.0,1.0,7.0,,0.0,JAPAN,HONSHU ISLAND,39.419,143.33,0.3,4.0,-2.3,-0.5,,,,,,,,,,,,,,,,,,,0.0,0.0,False,7.0,1995262314968882.8,1995262314968882.8,1.0,134,0,0
1992-08-11 15:14:55,1992,8,11,15,14.0,55.0,1.0,1.0,6.3,,0.0,JAPAN,HONSHU,32.536,141.641,0.0,0.0,-1.0,0.5,,,,,,,,,,,,,,,,,,,0.0,0.0,False,6.3,177827941003892.28,2173090255972775.2,2.0,116,0,4
1992-12-12 05:29:26,1992,12,12,5,29.0,26.0,4.0,3.0,7.8,,9.0,INDONESIA,FLORES SEA,-8.48,121.896,26.2,111.0,4.7,2.7,1169.0,4.0,500.0,3.0,4.0,31785.0,4.0,,,2500.0,4.0,2103.0,4.0,4.0,31785.0,4.0,,,100000000.0,100000000.0,False,7.8,3.162277660168379e+16,3.162277660168379e+16,1.0,66,2,0
1993-02-07 13:27:42,1993,2,7,13,27.0,42.0,4.0,1.0,6.3,,0.0,JAPAN,HONSHU ISLAND,37.634,137.245,0.5,1.0,-1.0,-0.5,,,,,,,,,,,,,,,,,,,0.0,0.0,False,6.3,177827941003892.28,177827941003892.28,1.0,126,0,0
1993-07-12 13:17:12,1993,7,12,13,17.0,12.0,4.0,1.0,7.7,,19.0,JAPAN,SEA OF JAPAN,42.851,139.197,32.0,196.0,5.0,3.1,208.0,3.0,233.0,3.0,4.0,2374.0,4.0,,,231.0,3.0,233.0,3.0,4.0,2374.0,4.0,,,1207000000.0,1207000000.0,False,7.7,2.2387211385683468e+16,2.2387211385683468e+16,1.0,143,0,0
1993-08-07 19:42:42,1993,8,7,19,42.0,42.0,4.0,1.0,6.3,,0.0,JAPAN,JAPAN,41.985,139.839,0.16,1.0,-1.0,0.5,,,,,,,,,,,,,,,,,,,0.0,0.0,False,6.3,177827941003892.28,2.256503932668736e+16,2.0,141,0,0
1993-08-08 08:34:25,1993,8,8,8,34.0,25.0,4.0,1.0,7.8,,0.0,USA TERRITORY,"GUAM, MARIANA ISLANDS",12.982,144.801,2.4,50.0,-1.0,0.5,,,,,1.0,,,,,,,48.0,1.0,4.0,,,,,0.0,250000000.0,False,7.8,3.162277660168379e+16,5.418781592837115e+16,3.0,80,0,0
1994-01-21 02:24:30,1994,1,21,2,24.0,30.0,4.0,1.0,7.0,,0.0,INDONESIA,HALMAHERA,1.015,127.733,2.0,3.0,1.0,1.5,,,,,,,,,,9.0,1.0,300.0,3.0,2.0,,,550.0,3.0,0.0,0.0,False,7.0,1995262314968882.8,1995262314968882.8,1.0,89,0,0
1994-02-12 17:58:23,1994,2,12,17,58.0,23.0,3.0,1.0,7.0,,0.0,VANUATU,VANUATU ISLANDS,-20.553,169.361,0.03,1.0,-1.0,0.5,,,,,,,,,,,,,,,,,,,0.0,0.0,False,7.0,1995262314968882.8,3990524629937765.5,2.0,33,0,2
1994-02-15 17:07:44,1994,2,15,17,7.0,44.0,-1.0,1.0,6.9,,0.0,INDONESIA,SOUTHERN SUMATRA,-4.967,104.302,0.0,0.0,-1.0,0.5,,,,,,,,,,,,,,,,,,,0.0,0.0,False,6.9,1412537544622761.2,5403062174560527.0,3.0,52,0,5
1994-04-08 01:10:41,1994,4,8,1,10.0,41.0,4.0,1.0,6.4,,0.0,JAPAN,HOKKAIDO ISLAND,40.608,143.683,0.11,3.0,-2.3,-1.5,,,,,,,,,,,,,,,,,,,0.0,0.0,False,6.4,251188643150959.25,251188643150959.25,1.0,139,0,0
1994-05-24 04:00:42,1994,5,24,4,0.0,42.0,1.0,1.0,6.5,,0.0,TAIWAN,TAIWAN,23.959,122.448,0.02,1.0,-1.0,0.5,,,,,,,,,,,,,,,,,,,0.0,0.0,False,6.5,354813389233576.06,354813389233576.06,1.0,96,0,4
1994-06-02 18:17:34,1994,6,2,18,17.0,34.0,4.0,1.0,7.8,,5.0,INDONESIA,SOUTH OF JAVA,-10.477,112.835,13.9,74.0,3.7,2.5,238.0,3.0,423.0,3.0,2.0,1500.0,4.0,,,238.0,3.0,423.0,3.0,2.0,1500.0,4.0,,,2200000.0,2200000.0,False,7.8,3.162277660168379e+16,3.197758999091737e+16,2.0,0,0,0
1994-06-03 21:07:00,1994,6,3,21,6.0,60.0,4.0,1.0,6.6,,0.0,INDONESIA,SOUTH OF JAVA,-10.362,112.892,3.7,1.0,-1.0,0.5,,,,,,,,,,,,,,,,,,,0.0,0.0,False,6.6,501187233627271.44,3.247877722454464e+16,3.0,0,0,0
1994-06-04 00:57:51,1994,6,4,0,57.0,51.0,2.0,1.0,6.5,,0.0,INDONESIA,SOUTH OF JAVA,-10.777,113.366,0.0,0.0,-1.0,0.5,,,,,,,,,,,,,,,,,,,0.0,0.0,False,6.5,354813389233576.06,3.2833590613778216e+16,4.0,5,0,3
1994-06-05 01:45:03,1994,6,5,1,45.0,3.0,4.0,1.0,6.1,,0.0,INDONESIA,SOUTH OF JAVA,-10.341,113.369,3.0,1.0,-1.0,0.5,,,,,,,,,,,,,,,,,,,0.0,0.0,False,6.1,89125093813374.4,3.2922715707591588e+16,5.0,0,0,0
1994-07-13 02:35:56,1994,7,13,2,35.0,56.0,3.0,1.0,7.2,,0.0,VANUATU,VANUATU ISLANDS,-16.62,167.518,0.08,1.0,-1.0,0.5,,,,,,,,,,,,,,,,,,,0.0,0.0,False,7.2,3981071705534985.5,3981071705534985.5,1.0,17,0,2
1994-09-16 06:20:19,1994,9,16,6,20.0,19.0,4.0,1.0,6.7,,0.0,TAIWAN,TAIWAN STRAIT,22.528,118.711,0.24,3.0,-1.0,0.5,,,,,,,,,,1.0,1.0,400.0,3.0,2.0,,,,2.0,0.0,0.0,False,6.7,707945784384140.2,707945784384140.2,1.0,94,0,0
1994-09-17 16:51:33,1994,9,17,16,51.0,33.0,4.0,4.0,4.6,7573.0,0.0,PAPUA NEW GUINEA,RABAUL HARBOR,-4.166,152.429,0.3,1.0,-1.0,0.5,,,,,,,,,,,,,,,,,,,0.0,0.0,False,4.6,501187233627.2715,708446971617767.5,2.0,49,1,0
1994-10-04 13:22:56,1994,10,4,13,22.0,56.0,4.0,1.0,8.3,,2.0,RUSSIA,S. KURIL ISLANDS,43.773,147.321,10.4,119.0,2.3,2.6,,,,,1.0,2.0,1.0,1.0,1.0,11.0,1.0,382.0,3.0,3.0,,,,,0.0,0.0,False,8.3,1.778279410038923e+17,1.7853638797551005e+17,3.0,145,0,0
1994-10-08 21:44:07,1994,10,8,21,44.0,7.0,4.0,1.0,6.8,,0.0,INDONESIA,HALMAHERA,-1.258,127.98,3.0,1.0,1.6,1.5,1.0,1.0,52.0,2.0,2.0,,,500.0,3.0,1.0,1.0,52.0,2.0,2.0,,,500.0,3.0,0.0,0.0,False,6.8,1000000000000000.0,1.7953638797551005e+17,4.0,26,0,0
1994-10-09 07:55:40,1994,10,9,7,55.0,40.0,4.0,1.0,7.3,,0.0,RUSSIA,S. KURIL ISLANDS,43.905,147.916,0.2,2.0,-3.3,-3.0,,,,,,,,,,,,,,,,,,,0.0,0.0,False,7.3,5623413251903491.0,1.851598012274135e+17,5.0,146,0,0
1994-11-14 19:15:31,1994,11,14,19,15.0,31.0,4.0,1.0,7.1,,3.0,PHILIPPINES,PHILIPPINE ISLANDS,13.525,121.067,7.3,57.0,2.9,2.1,81.0,2.0,225.0,3.0,2.0,1530.0,4.0,6036.0,4.0,81.0,2.0,225.0,3.0,2.0,1530.0,4.0,6036.0,4.0,3700000.0,3700000.0,False,7.1,2818382931264449.0,2818382931264449.0,1.0,81,0,0
1994-12-28 12:19:23,1994,12,28,12,19.0,23.0,4.0,1.0,7.8,,0.0,JAPAN,"TOHUKU, JAPAN",40.525,143.419,0.53,13.0,-1.0,0.5,,,,,,,,,,3.0,1.0,200.0,3.0,4.0,,,,,0.0,170400000.0,False,7.8,3.162277660168379e+16,3.162277660168379e+16,1.0,138,0,0
1995-01-16 20:46:54,1995,1,16,20,46.0,54.0,4.0,1.0,6.9,,0.0,JAPAN,"KOBE, JAPAN",34.59,135.069,0.34,2.0,-2.3,-2.0,,,,,,,,,,6434.0,4.0,43792.0,4.0,4.0,186175.0,4.0,274182.0,4.0,0.0,100000000000.0,False,6.9,1412537544622761.2,3.303531414630655e+16,2.0,119,0,0
1995-04-21 00:34:46,1995,4,21,0,34.0,46.0,4.0,1.0,7.2,,0.0,PHILIPPINES,SAMAR ISLAND,12.059,125.58,2.0,3.0,-3.3,-2.0,,,,,,,,,,,,,,1.0,,,,,0.0,0.0,False,7.2,3981071705534985.5,3981071705534985.5,1.0,78,0,0
1995-04-21 05:17:01,1995,4,21,5,17.0,1.0,4.0,1.0,6.8,,0.0,PHILIPPINES,SAMAR ISLAND,12.047,125.92,0.1,0.0,-2.3,-2.0,,,,,,,,,,,,,,,,,,,0.0,0.0,False,6.8,1000000000000000.0,4981071705534986.0,2.0,78,0,0
1995-05-14 11:33:21,1995,5,14,11,33.0,21.0,4.0,3.0,6.9,,0.0,INDONESIA,TIMOR SEA,-8.452,125.049,4.0,2.0,2.0,1.5,11.0,1.0,19.0,1.0,1.0,,2.0,,,11.0,1.0,19.0,1.0,1.0,,2.0,,,0.0,0.0,False,6.9,1412537544622761.2,6393609250157747.0,3.0,67,2,0
1995-05-16 20:12:44,1995,5,16,20,12.0,44.0,4.0,1.0,7.7,,0.0,NEW CALEDONIA,LOYALTY ISLANDS,-23.008,169.9,8.0,11.0,-1.3,-2.0,,,,,,,,,,,,,,,,,,,0.0,0.0,False,7.7,2.2387211385683468e+16,2.8780820635841216e+16,4.0,37,0,0
1995-08-16 10:27:29,1995,8,16,10,27.0,29.0,4.0,1.0,7.7,,0.0,PAPUA NEW GUINEA,SOLOMON SEA,-5.799,154.178,0.28,3.0,-1.0,-1.5,,,,,,,,,,,,,,1.0,,,,,0.0,0.0,False,7.7,2.2387211385683468e+16,2.2387211385683468e+16,1.0,58,0,0
1995-10-18 10:37:26,1995,10,18,10,37.0,26.0,4.0,1.0,7.1,,0.0,JAPAN,RYUKYU ISLANDS,27.929,130.175,2.59,42.0,0.8,1.5,,,,,1.0,,,,,,,1.0,1.0,1.0,,,,,0.0,0.0,False,7.1,2818382931264449.0,2818382931264449.0,1.0,100,0,0
1995-10-19 02:41:36,1995,10,19,2,41.0,36.0,4.0,3.0,6.8,,0.0,JAPAN,RYUKYU ISLANDS,28.094,130.148,1.5,16.0,0.6,0.5,,,,,,,,,,,,,,,,,,,0.0,0.0,False,6.8,1000000000000000.0,3818382931264449.0,2.0,100,2,0
1995-12-03 18:01:09,1995,12,3,18,1.0,9.0,4.0,1.0,7.9,,0.0,RUSSIA,S. KURIL ISLANDS,44.663,149.3,1.1,38.0,0.1,0.5,,,,,,,,,,,,,,,,,,,0.0,0.0,False,7.9,4.466835921509653e+16,4.466835921509653e+16,1.0,147,0,0
1996-01-01 08:05:11,1996,1,1,8,5.0,11.0,4.0,1.0,7.9,,0.0,INDONESIA,SULAWESI,0.729,119.931,3.43,16.0,2.3,1.8,9.0,1.0,63.0,2.0,2.0,400.0,3.0,,,9.0,1.0,63.0,2.0,2.0,400.0,3.0,,,1200000.0,1200000.0,False,7.9,4.466835921509653e+16,8.933671843019306e+16,2.0,87,0,0
1996-02-17 05:59:30,1996,2,17,5,59.0,30.0,4.0,1.0,8.2,,1.0,INDONESIA,IRIAN JAYA,-0.891,136.952,7.7,116.0,2.9,1.8,110.0,3.0,100.0,2.0,2.0,,4.0,,,164.0,3.0,432.0,2.0,2.0,5043.0,4.0,,,4200000.0,4200000.0,False,8.2,1.258925411794161e+17,1.258925411794161e+17,1.0,28,0,0
1996-09-04 18:16:02,1996,9,4,18,16.0,2.0,4.0,1.0,5.7,7539.0,0.0,JAPAN,HONSHU ISLAND,31.555,139.931,0.3,14.0,-2.3,-2.0,,,,,,,,,,,,,,,,,,,0.0,0.0,False,5.7,22387211385683.47,22387211385683.47,1.0,112,0,0
1996-09-05 23:42:06,1996,9,5,23,42.0,6.0,4.0,1.0,6.8,,0.0,TAIWAN,TAIWAN REGION,21.898,121.498,0.11,3.0,-1.0,0.5,,,,,,,,,,,,,,,,,,,0.0,0.0,False,6.8,1000000000000000.0,1022387211385683.6,2.0,92,0,0
1996-10-18 10:50:21,1996,10,18,10,50.0,21.0,4.0,1.0,6.6,,0.0,JAPAN,KYUSHU ISLAND,30.568,131.093,0.2,1.0,-2.3,-2.5,,,,,,,,,,,,,,,,,,,0.0,0.0,False,6.6,501187233627271.44,501187233627271.44,1.0,108,0,0
1996-10-19 14:44:41,1996,10,19,14,44.0,41.0,4.0,1.0,6.7,,0.0,JAPAN,KYUSHU ISLAND,31.885,131.468,0.55,6.0,0.1,0.5,,,,,,,,,,,,,,1.0,,,,,0.0,0.0,False,6.7,707945784384140.2,1209133018011411.8,2.0,110,0,0
1996-12-02 22:17:59,1996,12,2,22,17.0,59.0,4.0,1.0,6.7,,0.0,JAPAN,SEA OF JAPAN,31.789,131.314,0.2,4.0,-2.3,-2.0,,,,,,,,,,,,,,,,,,,0.0,0.0,False,6.7,707945784384140.2,707945784384140.2,1.0,110,0,0
1997-04-21 12:02:26,1997,4,21,12,2.0,26.0,4.0,1.0,7.7,,0.0,SOLOMON ISLANDS,SANTA CRUZ IS. VANUATU,-12.584,166.676,3.0,41.0,-2.3,-2.0,,,,,1.0,7.0,1.0,,,,,,,1.0,7.0,1.0,,,0.0,0.0,False,7.7,2.2387211385683468e+16,2.2387211385683468e+16,1.0,11,0,0
1997-09-30 06:27:25,1997,9,30,6,27.0,25.0,4.0,1.0,6.2,,0.0,JAPAN,S. OF HONSHU ISLAND,31.959,141.878,0.03,1.0,-1.0,0.5,,,,,,,,,,,,,,,,,,,0.0,0.0,False,6.2,125892541179417.14,125892541179417.14,1.0,113,0,0
1998-05-03 23:30:22,1998,5,3,23,30.0,22.0,4.0,1.0,7.5,,0.0,TAIWAN,TAIWAN:  SOUTHEAST OF,22.306,125.308,0.13,15.0,-1.0,0.5,,,,,,,,,,,,,,,,,,,0.0,0.0,False,7.5,1.1220184543019652e+16,1.1220184543019652e+16,1.0,93,0,0
1998-05-30 18:18:15,1998,5,30,18,18.0,15.0,4.0,1.0,6.2,,0.0,JAPAN,SANRIKU,39.027,143.441,0.01,0.0,-1.0,0.5,,,,,,,,,,,,,,,,,,,0.0,0.0,False,6.2,125892541179417.14,1.134607708419907e+16,2.0,134,0,0
1998-07-17 08:49:16,1998,7,17,8,49.0,16.0,4.0,3.0,7.0,,20.0,PAPUA NEW GUINEA,PAPUA NEW GUINEA,-2.943,142.582,15.03,93.0,-1.0,0.5,1636.0,4.0,1000.0,3.0,3.0,,3.0,,,1636.0,4.0,1000.0,3.0,3.0,,3.0,,,0.0,0.0,False,7.0,1995262314968882.8,1995262314968882.8,1.0,45,2,0
1998-11-29 14:10:32,1998,11,29,14,10.0,32.0,2.0,1.0,7.7,,0.0,INDONESIA,TALIABU ISLAND,-2.071,124.891,2.75,1.0,-1.0,1.0,,,,,1.0,,2.0,,,41.0,1.0,107.0,3.0,4.0,1000.0,3.0,,,0.0,200000000.0,False,7.7,2.2387211385683468e+16,2.2387211385683468e+16,1.0,41,0,3
1999-11-26 13:21:16,1999,11,26,13,21.0,16.0,4.0,1.0,7.5,,0.0,VANUATU,VANUATU ISLANDS,-16.423,168.214,6.6,53.0,-1.0,0.5,5.0,1.0,,,3.0,,3.0,,,10.0,1.0,100.0,2.0,3.0,,3.0,,,0.0,0.0,False,7.5,1.1220184543019652e+16,1.1220184543019652e+16,1.0,16,0,0
1999-12-11 18:03:36,1999,12,11,18,3.0,36.0,3.0,1.0,7.3,,0.0,PHILIPPINES,LUZON ISLAND,15.766,119.74,1.5,2.0,-1.0,0.5,,,,,,,,,,5.0,1.0,40.0,1.0,2.0,,,,,0.0,1794000.0,False,7.3,5623413251903491.0,1.6843597794923144e+16,2.0,83,0,2
2000-05-04 04:21:16,2000,5,4,4,21.0,16.0,4.0,1.0,7.6,,0.0,INDONESIA,SULAWESI,-1.105,123.573,6.0,2.0,-1.0,0.5,54.0,2.0,264.0,,3.0,,4.0,,,54.0,2.0,264.0,3.0,4.0,23000.0,4.0,,,0.0,30000000.0,False,7.6,1.5848931924611108e+16,1.5848931924611108e+16,1.0,25,0,0
2000-06-18 14:44:13,2000,6,18,14,44.0,13.0,4.0,1.0,7.9,,0.0,AUSTRALIA,SOUTH INDIAN OCEAN,-13.802,97.453,0.3,1.0,-1.0,0.5,,,,,,,,,,,,,,,,,,,0.0,0.0,False,7.9,4.466835921509653e+16,4.466835921509653e+16,1.0,13,0,0
2000-07-01 07:01:56,2000,7,1,7,1.0,56.0,4.0,1.0,6.1,5104.0,1.0,JAPAN,"KOZU-SHIMA ISLAND, HONSHU",34.221,139.131,0.07,4.0,-1.0,0.5,,,,,,,,,,1.0,1.0,,3.0,1.0,,,,,0.0,0.0,False,6.1,89125093813374.4,4.47574843089099e+16,2.0,117,0,0
2000-07-15 01:30:30,2000,7,15,1,30.0,30.0,4.0,1.0,6.1,,0.0,JAPAN,HONSHU: S COAST,34.319,139.26,0.07,1.0,-1.0,0.5,,,,,,,,,,,,10.0,1.0,1.0,,,20.0,1.0,0.0,0.0,False,6.1,89125093813374.4,4.484660940272328e+16,3.0,117,0,0
2000-07-16 03:21:46,2000,7,16,3,21.0,46.0,3.0,1.0,6.4,,0.0,PHILIPPINES,PHILIPPINE TRENCH,20.253,122.043,0.4,1.0,-1.0,0.5,,,,,,,,,,,,6.0,1.0,2.0,,,,3.0,0.0,0.0,False,6.4,251188643150959.25,4.509779804587424e+16,4.0,90,0,2
2000-07-30 12:25:46,2000,7,30,12,25.0,46.0,4.0,1.0,6.5,,0.0,JAPAN,HONSHU: S COAST,33.901,139.376,0.14,1.0,-1.0,0.5,,,,,,,,,,,,1.0,1.0,1.0,,,,,0.0,0.0,False,6.5,354813389233576.06,784252220011284.1,4.0,117,0,0
2000-11-16 04:54:56,2000,11,16,4,54.0,56.0,4.0,1.0,8.0,,0.0,PAPUA NEW GUINEA,BISMARCK SEA,-4.001,152.327,3.0,10.0,-1.0,0.5,,,,,2.0,,,,,2.0,1.0,,,2.0,,3.0,,,0.0,0.0,False,8.0,6.309573444801943e+16,6.309573444801943e+16,1.0,49,0,0
2001-12-18 04:02:58,2001,12,18,4,2.0,58.0,4.0,1.0,6.8,,0.0,TAIWAN,TAIWAN,23.954,122.734,0.16,6.0,-1.0,0.5,,,,,,,,,,,,,,,,,,,0.0,0.0,False,6.8,1000000000000000.0,1000000000000000.0,1.0,97,0,0
2002-01-02 17:22:49,2002,1,2,17,22.0,49.0,4.0,1.0,7.2,,0.0,VANUATU,VANUATU ISLANDS,-17.6,167.856,3.0,2.0,-4.64,-4.14,,,,,,,,,,,,,2.0,1.0,,,,2.0,0.0,0.0,False,7.2,3981071705534985.5,4981071705534986.0,2.0,19,0,0
2002-03-05 21:16:09,2002,3,5,21,16.0,9.0,4.0,1.0,7.5,,0.0,PHILIPPINES,"MINDANAO ISLAND, PHILIPPINES",6.033,124.249,3.0,3.0,-1.0,0.5,,,,,1.0,,,,,15.0,1.0,100.0,2.0,2.0,,,800.0,3.0,0.0,1714000.0,False,7.5,1.1220184543019652e+16,1.1220184543019652e+16,1.0,156,0,0
2002-03-26 03:45:49,2002,3,26,3,45.0,49.0,3.0,1.0,6.4,,0.0,JAPAN,JAPAN,23.346,124.09,0.05,3.0,-1.0,0.5,,,,,,,,,,,,,,,,,,,0.0,0.0,False,6.4,251188643150959.25,1.1471373186170612e+16,2.0,95,0,2
2002-03-31 06:52:50,2002,3,31,6,52.0,50.0,4.0,1.0,7.1,,0.0,TAIWAN,TAIWAN,24.279,122.179,0.2,11.0,-1.0,0.5,,,,,,,,,,5.0,1.0,200.0,3.0,2.0,100.0,2.0,,,0.0,0.0,False,7.1,2818382931264449.0,1.428975611743506e+16,3.0,96,0,0
2002-09-08 18:44:26,2002,9,8,18,44.0,26.0,4.0,1.0,7.6,,0.0,PAPUA NEW GUINEA,BISMARCK SEA,-3.26,142.94,5.5,88.0,0.58,1.08,,,,,1.0,,1.0,,,4.0,1.0,70.0,2.0,3.0,,1.0,873.0,3.0,0.0,0.0,False,7.6,1.5848931924611108e+16,1.5848931924611108e+16,1.0,45,0,0
2002-10-10 10:50:20,2002,10,10,10,50.0,20.0,1.0,1.0,7.6,,0.0,INDONESIA,IRIAN JAYA,-1.757,134.297,5.0,3.0,2.32,2.82,,,,,,,,,,8.0,1.0,632.0,3.0,3.0,1000.0,3.0,900.0,3.0,0.0,0.0,False,7.6,1.5848931924611108e+16,1.5848931924611108e+16,1.0,42,0,4
2003-01-20 08:43:06,2003,1,20,8,43.0,6.0,4.0,1.0,7.3,,0.0,SOLOMON ISLANDS,SOLOMON ISLANDS,-10.491,160.77,2.0,2.0,-1.0,0.5,,,,,,,,,,,,,,,,,,,0.0,0.0,False,7.3,5623413251903491.0,5623413251903491.0,1.0,3,0,0
2003-02-15 11:01:59,2003,2,15,11,1.0,59.0,3.0,3.0,6.3,,0.0,PHILIPPINES,SAMAR SEA,12.168,124.079,1.0,1.0,-1.0,0.5,,,,,,,,,,,,,,1.0,,,,,0.0,0.0,False,6.3,177827941003892.28,5801241192907383.0,2.0,77,2,2
2003-09-25 19:50:06,2003,9,25,19,50.0,6.0,4.0,1.0,8.3,,1.0,JAPAN,HOKKAIDO ISLAND,41.815,143.91,4.4,268.0,-1.0,0.5,2.0,1.0,,,1.0,,,,,2.0,1.0,849.0,3.0,4.0,,,,,0.0,90000000.0,False,8.3,1.778279410038923e+17,1.778279410038923e+17,1.0,142,0,0
2003-10-31 01:06:28,2003,10,31,1,6.0,28.0,4.0,1.0,7.0,,0.0,JAPAN,E. HONSHU ISLAND,37.812,142.619,0.32,4.0,-1.0,0.5,,,,,,,,,,,,,,,,,,,0.0,0.0,False,7.0,1995262314968882.8,1995262314968882.8,1.0,129,0,0
2003-12-27 16:00:59,2003,12,27,16,0.0,59.0,4.0,1.0,7.3,,0.0,NEW CALEDONIA,LOYALTY ISLANDS,-22.015,169.766,0.15,2.0,-1.0,0.5,,,,,,,,,,,,,,,,,,,0.0,0.0,False,7.3,5623413251903491.0,5623413251903491.0,1.0,35,0,0
2004-01-03 16:23:21,2004,1,3,16,23.0,21.0,3.0,1.0,7.1,,0.0,NEW CALEDONIA,LOYALTY ISLANDS,-22.253,169.683,0.07,1.0,-1.0,0.5,,,,,,,,,,,,,,,,,,,0.0,0.0,False,7.1,2818382931264449.0,8441796183167939.0,2.0,35,0,2
2004-01-28 22:15:31,2004,1,28,22,15.0,31.0,4.0,1.0,6.7,,0.0,INDONESIA,SERAM ISLAND,-3.12,127.4,0.0,1.0,-1.0,0.5,,,,,,,,,,,,,,,,,,,0.0,0.0,False,6.7,707945784384140.2,3526328715648589.0,2.0,44,0,0
2004-09-05 10:07:08,2004,9,5,10,7.0,8.0,4.0,1.0,7.2,,0.0,JAPAN,SOUTH COAST HONSHU ISLAND,33.07,136.618,0.63,12.0,-1.0,0.5,,,,,,,,,,,,4.0,1.0,1.0,,,,,0.0,0.0,False,7.2,3981071705534985.5,3981071705534985.5,1.0,114,0,0
2004-09-05 14:57:19,2004,9,5,14,57.0,19.0,4.0,1.0,7.4,,0.0,JAPAN,SOUTH COAST HONSHU ISLAND,33.184,137.071,0.93,24.0,-1.0,0.5,,,,,,,,,,,,40.0,1.0,1.0,,,,,0.0,0.0,False,7.4,7943282347242854.0,1.192435405277784e+16,2.0,114,0,0
2004-11-11 21:26:41,2004,11,11,21,26.0,41.0,4.0,1.0,7.5,,0.0,INDONESIA,KEPULAUAN ALOR,-8.152,124.868,2.0,3.0,-1.0,0.5,,,,,1.0,,,1.0,1.0,34.0,1.0,400.0,3.0,3.0,781.0,3.0,16712.0,4.0,0.0,0.0,False,7.5,1.1220184543019652e+16,1.1220184543019652e+16,1.0,67,0,0
2004-11-28 18:32:14,2004,11,28,18,32.0,14.0,4.0,1.0,7.0,,0.0,JAPAN,HOKKAIDO ISLAND,43.006,145.119,0.12,2.0,-1.0,0.5,,,,,,,,,,,,24.0,1.0,2.0,,,,1.0,0.0,0.0,False,7.0,1995262314968882.8,1.3215446857988534e+16,2.0,144,0,0
2004-12-26 00:58:54,2004,12,26,0,58.0,54.0,4.0,1.0,9.1,,146.0,INDONESIA,OFF W. COAST OF SUMATRA,3.295,95.982,50.9,2176.0,-1.0,0.5,227899.0,4.0,,3.0,4.0,,4.0,,4.0,227899.0,4.0,,3.0,4.0,,4.0,,4.0,10000000000.0,10000000000.0,False,9.1,2.818382931264449e+18,2.820378193579418e+18,2.0,135,0,0
2005-01-19 06:11:36,2005,1,19,6,11.0,36.0,4.0,1.0,6.6,,0.0,JAPAN,E. HONSHU ISLAND,34.064,141.491,0.39,11.0,-1.0,0.5,,,,,,,,,,,,,,,,,,,0.0,0.0,False,6.6,501187233627271.44,2.818884118498076e+18,2.0,118,0,0
2005-03-28 16:09:36,2005,3,28,16,9.0,36.0,4.0,1.0,8.6,,1.0,INDONESIA,INDONESIA,2.085,97.108,4.2,76.0,-1.0,0.5,16.0,1.0,,,1.0,,,,,1319.0,4.0,340.0,3.0,4.0,300.0,3.0,,,0.0,0.0,False,8.6,5.011872336272715e+17,5.011872336272715e+17,1.0,104,0,0
2005-04-10 10:29:11,2005,4,10,10,29.0,11.0,4.0,1.0,6.7,,0.0,INDONESIA,KEPULAUAN MENTAWAI,-1.644,99.607,0.4,1.0,-1.0,0.5,,,,,,,,,,,,,,,,,,,0.0,0.0,False,6.7,707945784384140.2,5.018951794116556e+17,2.0,40,0,0
2005-08-16 02:46:28,2005,8,16,2,46.0,28.0,4.0,1.0,7.2,,0.0,JAPAN,E. COAST HONSHU ISLAND,38.276,142.039,0.05,1.0,-1.0,0.5,,,,,,,,,,,,56.0,2.0,1.0,1.0,1.0,,,0.0,0.0,False,7.2,3981071705534985.5,3981071705534985.5,1.0,128,0,0
2005-11-14 21:38:51,2005,11,14,21,38.0,51.0,4.0,1.0,7.0,,0.0,JAPAN,E. COAST HONSHU ISLAND,38.107,144.896,0.42,1.0,-1.0,0.5,,,,,,,,,,,,,,,,,,,0.0,0.0,False,7.0,1995262314968882.8,1995262314968882.8,1.0,131,0,0
2006-01-01 07:11:57,2006,1,1,7,11.0,57.0,3.0,1.0,5.6,7540.0,0.0,JAPAN,S. OF HONSHU ISLAND,31.394,140.131,0.0,0.0,-1.0,0.5,,,,,,,,,,,,,,,,,,,0.0,0.0,False,5.6,15848931924611.11,15848931924611.11,1.0,109,0,2
2006-03-14 06:57:34,2006,3,14,6,57.0,34.0,4.0,1.0,6.7,,0.0,INDONESIA,SERAM ISLAND,-3.595,127.214,3.5,1.0,-1.0,0.5,4.0,1.0,,,2.0,241.0,3.0,,,4.0,1.0,,,2.0,241.0,3.0,,,0.0,1000000.0,False,6.7,707945784384140.2,707945784384140.2,1.0,47,0,0
2006-07-17 08:19:26,2006,7,17,8,19.0,26.0,4.0,1.0,7.7,,4.0,INDONESIA,SOUTH OF JAVA,-9.284,107.419,20.9,211.0,-1.0,0.5,802.0,3.0,498.0,3.0,4.0,1623.0,4.0,,,802.0,3.0,498.0,3.0,4.0,1623.0,4.0,,,55000000.0,55000000.0,False,7.7,2.2387211385683468e+16,2.2387211385683468e+16,1.0,69,0,0
2006-10-23 21:17:19,2006,10,23,21,17.0,19.0,4.0,1.0,6.4,,0.0,JAPAN,"IZU ISLANDS, JAPAN",29.351,140.27,0.16,5.0,-1.0,0.5,,,,,,,,,,,,,,,,,,,0.0,0.0,False,6.4,251188643150959.25,251188643150959.25,1.0,101,0,0
2006-11-13 08:02:44,2006,11,13,8,2.0,44.0,4.0,1.0,5.2,,0.0,TAIWAN,SOUTH CHINA SEA,20.656,119.997,0.15,1.0,-1.0,0.5,,,,,,,,,,,,,,,,,,,0.0,0.0,False,5.2,3981071705534.986,255169714856494.25,2.0,91,0,0
2006-11-15 11:14:14,2006,11,15,11,14.0,14.0,4.0,1.0,8.3,,3.0,RUSSIA,S. KURIL ISLANDS,46.592,153.266,21.9,261.0,-1.0,0.5,,,1.0,1.0,2.0,,,,,,,1.0,1.0,2.0,,,,,0.0,0.0,False,8.3,1.778279410038923e+17,1.7808311071874877e+17,3.0,151,0,0
2006-12-26 12:26:21,2006,12,26,12,26.0,21.0,4.0,1.0,7.0,,0.0,TAIWAN,TAIWAN,21.799,120.547,0.12,7.0,-1.0,0.5,,,,,,,,,,2.0,1.0,40.0,1.0,1.0,,2.0,,,0.0,0.0,False,7.0,1995262314968882.8,1995262314968882.8,1.0,92,0,0
2007-01-13 04:23:21,2007,1,13,4,23.0,21.0,4.0,1.0,8.1,,1.0,RUSSIA,S. KURIL ISLANDS,46.243,154.524,0.4,47.0,-1.0,0.5,,,,,,,,,,,,,,,,,,,0.0,0.0,False,8.1,8.91250938133744e+16,9.112035612834328e+16,2.0,149,0,0
2007-03-25 00:40:02,2007,3,25,0,40.0,2.0,4.0,1.0,7.1,,0.0,VANUATU,VANUATU ISLANDS,-20.617,169.357,0.08,2.0,-1.0,0.5,,,,,,,,,,,,,,,,,,,0.0,0.0,False,7.1,2818382931264449.0,2818382931264449.0,1.0,33,0,0
2007-03-25 00:41:58,2007,3,25,0,41.0,58.0,4.0,1.0,6.7,,0.0,JAPAN,HONSHU: W COAST,37.336,136.588,0.1,3.0,-1.0,0.5,,,,,,,,,,1.0,1.0,359.0,3.0,3.0,13556.0,4.0,,,0.0,0.0,False,6.7,707945784384140.2,3526328715648589.0,2.0,122,0,0
2007-04-01 20:39:56,2007,4,1,20,39.0,56.0,4.0,1.0,8.1,,0.0,SOLOMON ISLANDS,SOLOMON ISLANDS,-8.46,157.044,12.1,247.0,-1.0,0.5,50.0,1.0,,,3.0,2500.0,4.0,,,52.0,2.0,,,3.0,2500.0,4.0,500.0,3.0,0.0,0.0,False,8.1,8.91250938133744e+16,9.2651422529023e+16,3.0,68,0,0
2007-07-16 01:13:22,2007,7,16,1,13.0,22.0,4.0,1.0,6.6,,0.0,JAPAN,HONSHU: W COAST,37.57,138.478,0.0,1.0,-1.0,0.5,,,,,,,,,,9.0,1.0,1088.0,4.0,3.0,875.0,3.0,,,0.0,0.0,False,6.6,501187233627271.44,501187233627271.44,1.0,127,0,0
2007-08-02 02:37:42,2007,8,2,2,37.0,42.0,4.0,1.0,6.2,,0.0,RUSSIA,TATAR STRAIT,47.116,141.798,3.2,18.0,-1.0,0.5,,,,,,,,,,2.0,1.0,12.0,1.0,1.0,11.0,1.0,20.0,1.0,0.0,0.0,False,6.2,125892541179417.14,627079774806688.6,2.0,150,0,0
2007-09-02 01:05:18,2007,9,2,1,5.0,18.0,4.0,1.0,7.2,,0.0,SOLOMON ISLANDS,SANTA CRUZ ISLANDS,-11.61,165.762,0.05,2.0,-1.0,0.5,,,,,,,,,,,,,,,,,,,0.0,0.0,False,7.2,3981071705534985.5,3981071705534985.5,1.0,10,0,0
2007-09-12 11:10:27,2007,9,12,11,10.0,27.0,4.0,1.0,8.4,,0.0,INDONESIA,SUMATRA,-4.438,101.367,5.0,56.0,-1.0,0.5,,,,,1.0,,,,2.0,25.0,1.0,161.0,3.0,3.0,56425.0,4.0,,,0.0,0.0,False,8.4,2.5118864315095923e+17,2.551697148564942e+17,2.0,46,0,0
2008-02-25 08:36:33,2008,2,25,8,36.0,33.0,4.0,1.0,6.5,,0.0,INDONESIA,SUMATRA,-2.486,99.972,0.12,1.0,-1.0,0.5,,,,,,,,,,,,,,1.0,,,,2.0,0.0,0.0,False,6.5,354813389233576.06,354813389233576.06,1.0,40,0,0
2008-04-09 12:46:13,2008,4,9,12,46.0,13.0,4.0,1.0,7.3,,0.0,NEW CALEDONIA,LOYALTY ISLANDS,-20.071,168.892,0.16,1.0,-1.0,0.5,,,,,,,,,,,,,,,,,,,0.0,0.0,False,7.3,5623413251903491.0,5623413251903491.0,1.0,31,0,0
2008-04-28 18:33:34,2008,4,28,18,33.0,34.0,1.0,1.0,6.4,,0.0,VANUATU,VANUATU ISLANDS,-19.941,168.953,0.03,2.0,-1.0,0.5,,,,,,,,,,,,,,,,,,,0.0,0.0,False,6.4,251188643150959.25,5874601895054450.0,2.0,31,0,4
2008-05-12 06:28:00,2008,5,12,6,28.0,0.0,0.0,1.0,7.9,,0.0,CHINA,SICHUAN PROVINCE,30.98,103.396,0.0,1.0,-1.0,0.5,,,,,,,,,,87652.0,4.0,374171.0,4.0,4.0,5360000.0,4.0,,,0.0,86000000000.0,False,7.9,4.466835921509653e+16,4.491954785824749e+16,2.0,106,0,1
2008-06-13 23:43:45,2008,6,13,23,43.0,45.0,4.0,3.0,6.9,,0.0,JAPAN,"ARATOZAWA, JAPAN",39.03,140.881,2.5,0.0,-1.0,0.5,,,,,,,,,,23.0,1.0,357.0,3.0,3.0,,,614.0,3.0,0.0,0.0,False,6.9,1412537544622761.2,1412537544622761.2,1.0,133,2,0
2008-07-19 02:39:29,2008,7,19,2,39.0,29.0,4.0,1.0,6.9,,0.0,JAPAN,OFF EAST COAST OF HONSHU ISLAND,37.552,142.214,0.2,3.0,-1.0,0.5,,,,,,,,,,,,,,,,,,,0.0,0.0,False,6.9,1412537544622761.2,1412537544622761.2,1.0,128,0,0
2008-09-11 00:20:51,2008,9,11,0,20.0,51.0,4.0,1.0,6.8,,0.0,JAPAN,HOKKAIDO ISLAND,41.892,143.754,0.09,1.0,-1.0,0.5,,,,,,,,,,6.0,1.0,77.0,2.0,3.0,,,1000.0,3.0,0.0,0.0,False,6.8,1000000000000000.0,1000000000000000.0,1.0,142,0,0
2008-11-16 17:02:33,2008,11,16,17,2.0,33.0,4.0,1.0,7.3,,0.0,INDONESIA,SULAWESI,1.271,122.091,0.13,3.0,-1.0,0.5,,,,,,,,,,6.0,1.0,77.0,2.0,3.0,,,1000.0,3.0,0.0,0.0,False,7.3,5623413251903491.0,5623413251903491.0,1.0,88,0,0
2009-01-03 19:43:51,2009,1,3,19,43.0,51.0,4.0,1.0,7.6,,0.0,INDONESIA,NEAR NORTH COAST,-0.414,132.885,0.39,24.0,-1.0,0.5,,,,,,,,,,5.0,1.0,250.0,3.0,3.0,,,840.0,3.0,0.0,0.0,False,7.6,1.5848931924611108e+16,1.5848931924611108e+16,1.0,73,0,0
2009-01-03 22:33:40,2009,1,3,22,33.0,40.0,3.0,1.0,7.3,,0.0,INDONESIA,NEAR NORTH COAST,-0.691,133.305,0.0,0.0,-1.0,0.5,,,,,,,,,,,,,,,,,,,0.0,0.0,False,7.3,5623413251903491.0,2.14723451765146e+16,2.0,27,0,2
2009-01-15 17:49:39,2009,1,15,17,49.0,39.0,4.0,1.0,7.4,,0.0,RUSSIA,KAMCHATKA,46.857,155.154,0.11,11.0,-1.0,0.5,,,,,,,,,,,,,,,,,,,0.0,0.0,False,7.4,7943282347242854.0,2.9415627523757452e+16,3.0,152,0,0
2009-02-11 17:34:51,2009,2,11,17,34.0,51.0,4.0,1.0,7.2,,0.0,INDONESIA,CELEBES SEA,3.884,126.397,0.13,1.0,-1.0,0.5,,,,,,,,,,,,64.0,2.0,2.0,,,597.0,3.0,0.0,0.0,False,7.2,3981071705534985.5,1.192435405277784e+16,2.0,155,0,0
2009-06-23 14:19:22,2009,6,23,14,19.0,22.0,3.0,1.0,6.7,,0.0,PAPUA NEW GUINEA,SOLOMON SEA,-5.157,153.782,0.0,1.0,-1.0,0.5,,,,,,,,,,,,,,,,,,,0.0,0.0,False,6.7,707945784384140.2,707945784384140.2,1.0,55,0,2
2009-08-10 20:07:09,2009,8,10,20,7.0,9.0,4.0,1.0,6.4,,0.0,JAPAN,HONSHU: S COAST,34.743,138.264,0.6,5.0,-1.0,0.5,,,,,,,,,,1.0,1.0,123.0,3.0,3.0,5192.0,4.0,,,0.0,0.0,False,6.4,251188643150959.25,251188643150959.25,1.0,120,0,0
2009-08-16 07:38:22,2009,8,16,7,38.0,22.0,4.0,1.0,6.7,,0.0,INDONESIA,SUMATRA,-1.479,99.49,0.18,1.0,-1.0,0.5,,,,,,,,,,,,9.0,1.0,,,,,,0.0,0.0,False,6.7,707945784384140.2,959134427535099.6,2.0,29,0,0
2009-09-02 07:55:01,2009,9,2,7,55.0,1.0,4.0,1.0,7.0,,0.0,INDONESIA,JAVA SEA,-7.782,107.297,0.4,2.0,-1.0,0.5,,,,,,,,,,81.0,2.0,1297.0,4.0,3.0,,,54000.0,4.0,0.0,0.0,False,7.0,1995262314968882.8,2954396742503982.0,3.0,63,0,0
2009-09-30 10:16:09,2009,9,30,10,16.0,9.0,4.0,1.0,7.5,,0.0,INDONESIA,SUMATRA,-0.72,99.867,0.27,1.0,-1.0,0.5,,,,,,,,,,1117.0,4.0,1214.0,4.0,4.0,,3.0,181665.0,4.0,0.0,2200000000.0,False,7.5,1.1220184543019652e+16,1.3215446857988534e+16,2.0,24,0,0
2009-10-07 22:03:14,2009,10,7,22,3.0,14.0,4.0,1.0,7.6,,0.0,VANUATU,VANUATU ISLANDS,-13.006,166.51,0.29,37.0,-1.0,0.5,,,,,,,,,,,,,,,,,,,0.0,0.0,False,7.6,1.5848931924611108e+16,2.706911646763076e+16,2.0,11,0,0
2010-01-03 21:48:05,2010,1,3,21,48.0,5.0,4.0,1.0,6.6,,0.0,SOLOMON ISLANDS,SOLOMON ISLANDS,-8.743,157.477,0.01,1.0,-1.0,0.5,,,,,,,,,,,,,,,,,,,0.0,0.0,False,6.6,501187233627271.44,501187233627271.44,1.0,70,0,0
2010-01-03 22:36:28,2010,1,3,22,36.0,28.0,4.0,1.0,7.1,,0.0,SOLOMON ISLANDS,SOLOMON ISLANDS,-8.799,157.346,7.52,51.0,-1.0,0.5,,,,,1.0,,1.0,,,,,,,1.0,16.0,1.0,60.0,2.0,0.0,0.0,False,7.1,2818382931264449.0,3319570164891720.5,2.0,70,0,0
2010-01-05 12:15:32,2010,1,5,12,15.0,32.0,4.0,1.0,6.8,,0.0,SOLOMON ISLANDS,SOLOMON ISLANDS,-9.019,157.551,0.03,1.0,-1.0,0.5,,,,,,,,,,,,,,,,,,,0.0,0.0,False,6.8,1000000000000000.0,4319570164891721.0,3.0,71,0,0
2010-02-26 20:31:27,2010,2,26,20,31.0,27.0,3.0,1.0,7.0,,0.0,JAPAN,RYUKYU ISLANDS,25.93,128.425,0.1,2.0,-1.0,0.5,,,,,,,,,,,,,,,,,,,0.0,0.0,False,7.0,1995262314968882.8,1995262314968882.8,1.0,98,0,2
2010-04-06 22:15:02,2010,4,6,22,15.0,2.0,4.0,1.0,7.8,,0.0,INDONESIA,SUMATRA,2.383,97.048,0.44,6.0,-1.0,0.5,,,,,,,,,,,,,,,,,,,0.0,0.0,False,7.8,3.162277660168379e+16,3.162277660168379e+16,1.0,104,0,0
2010-05-27 17:14:46,2010,5,27,17,14.0,46.0,3.0,1.0,7.2,,0.0,VANUATU,VANUATU ISLANDS,-13.698,166.643,0.04,1.0,-1.0,0.5,,,,,,,,,,,,,,,,,,,0.0,0.0,False,7.2,3981071705534985.5,3981071705534985.5,1.0,12,0,2
2010-07-18 13:34:59,2010,7,18,13,34.0,59.0,3.0,1.0,7.3,,0.0,PAPUA NEW GUINEA,SOLOMON SEA,-5.931,150.59,0.06,1.0,-1.0,0.5,,,,,,,,,,,,,,,,,,,0.0,0.0,False,7.3,5623413251903491.0,5623413251903491.0,1.0,57,0,2
2010-08-10 05:23:45,2010,8,10,5,23.0,45.0,4.0,1.0,7.2,,0.0,VANUATU,VANUATU ISLANDS,-17.541,168.069,0.23,1.0,-1.0,0.5,,,,,,,,,,,,,,,,,,,0.0,0.0,False,7.2,3981071705534985.5,9604484957438476.0,2.0,19,0,0
2010-08-13 21:19:33,2010,8,13,21,19.0,33.0,4.0,1.0,6.9,,0.0,USA TERRITORY,"GUAM, MARIANA ISLANDS",12.484,141.476,0.07,1.0,-1.0,0.5,,,,,,,,,,,,,,,,,,,0.0,0.0,False,6.9,1412537544622761.2,1.1017022502061238e+16,3.0,79,0,0
2010-10-25 14:42:22,2010,10,25,14,42.0,22.0,4.0,1.0,7.8,,0.0,INDONESIA,SUMATRA,-3.487,100.082,16.9,358.0,-1.0,0.5,431.0,3.0,,,4.0,700.0,3.0,,,431.0,3.0,,,4.0,700.0,3.0,,,39000000.0,39000000.0,False,7.8,3.162277660168379e+16,3.162277660168379e+16,1.0,43,0,0
2010-12-21 17:19:41,2010,12,21,17,19.0,41.0,4.0,1.0,7.4,,0.0,JAPAN,BONIN ISLANDS,26.901,143.698,0.13,4.0,-1.0,0.5,,,,,,,,,,,,,,,,,,,0.0,0.0,False,7.4,7943282347242854.0,7943282347242854.0,1.0,99,0,0
2010-12-25 13:16:37,2010,12,25,13,16.0,37.0,4.0,1.0,7.3,,0.0,VANUATU,VANUATU ISLANDS,-19.702,167.947,4.1,12.0,-1.0,0.5,,,4.0,1.0,1.0,,,,,,,4.0,1.0,1.0,,,,,0.0,0.0,False,7.3,5623413251903491.0,1.3566695599146344e+16,2.0,30,0,0
2011-01-09 10:03:44,2011,1,9,10,3.0,44.0,4.0,1.0,6.5,,0.0,VANUATU,VANUATU ISLANDS,-19.157,168.311,0.03,1.0,-1.0,0.5,,,,,,,,,,,,,,,,,,,0.0,0.0,False,6.5,354813389233576.06,1.3921508988379922e+16,3.0,20,0,0
2011-01-13 16:16:41,2011,1,13,16,16.0,41.0,3.0,1.0,7.0,,0.0,VANUATU,VANUATU ISLANDS,-20.628,168.471,0.04,1.0,-1.0,0.5,,,,,,,,,,,,,,,,,,,0.0,0.0,False,7.0,1995262314968882.8,1.5916771303348804e+16,4.0,32,0,2
2011-03-09 02:45:20,2011,3,9,2,45.0,20.0,4.0,1.0,7.3,,0.0,JAPAN,HONSHU ISLAND,38.435,142.842,0.6,24.0,-1.0,0.5,,,,,,,,,,,,,,,,,,,0.0,0.0,False,7.3,5623413251903491.0,5623413251903491.0,1.0,129,0,0
2011-03-09 21:24:01,2011,3,9,21,24.0,1.0,4.0,1.0,6.3,,0.0,JAPAN,OFF SANRIKU,38.296,142.808,0.06,1.0,-1.0,0.5,,,,,,,,,,,,,,,,,,,0.0,0.0,False,6.3,177827941003892.28,5801241192907383.0,2.0,129,0,0
2011-03-11 05:46:24,2011,3,11,5,46.0,24.0,4.0,1.0,9.1,,9.0,JAPAN,HONSHU ISLAND,38.297,142.373,39.26,6421.0,-1.0,0.5,18428.0,4.0,6167.0,4.0,4.0,123661.0,4.0,280920.0,4.0,18428.0,4.0,6167.0,4.0,4.0,123661.0,4.0,280920.0,4.0,220136600000.0,220136600000.0,False,9.1,2.818382931264449e+18,2.8241841724573563e+18,3.0,128,0,0
2011-04-07 14:32:43,2011,4,7,14,32.0,43.0,4.0,1.0,7.1,,0.0,JAPAN,E. COAST HONSHU ISLAND,38.276,141.588,0.08,1.0,-1.0,0.5,,,,,,,,,,3.0,1.0,132.0,3.0,1.0,,,,,0.0,0.0,False,7.1,2818382931264449.0,2.827002555388621e+18,4.0,128,0,0
2011-05-10 08:55:09,2011,5,10,8,55.0,9.0,4.0,1.0,6.8,,0.0,NEW CALEDONIA,LOYALTY ISLANDS,-20.244,168.226,0.03,1.0,-1.0,0.5,,,,,,,,,,,,,,,,,,,0.0,0.0,False,6.8,1000000000000000.0,1000000000000000.0,1.0,30,0,0
2011-07-10 00:57:11,2011,7,10,0,57.0,11.0,4.0,1.0,7.0,,0.0,JAPAN,OFF EAST COAST OF HONSHU ISLAND,38.034,143.264,0.09,3.0,-1.0,0.5,,,,,,,,,,,,,,,,,,,0.0,0.0,False,7.0,1995262314968882.8,1995262314968882.8,1.0,129,0,0
2011-08-20 16:55:02,2011,8,20,16,55.0,2.0,4.0,1.0,7.1,,0.0,VANUATU,VANUATU ISLANDS,-18.365,168.143,0.19,4.0,-1.0,0.5,,,,,,,,,,,,,,,,,,,0.0,0.0,False,7.1,2818382931264449.0,2818382931264449.0,1.0,19,0,0
2011-08-20 18:19:24,2011,8,20,18,19.0,24.0,4.0,1.0,7.0,,0.0,VANUATU,VANUATU ISLANDS,-18.311,168.218,0.15,1.0,-1.0,0.5,,,,,,,,,,,,,,,,,,,0.0,0.0,False,7.0,1995262314968882.8,4813645246233332.0,2.0,19,0,0
2012-01-09 04:07:14,2012,1,9,4,7.0,14.0,3.0,1.0,6.4,,0.0,SOLOMON ISLANDS,SANTA CRUZ ISLANDS,-10.617,165.16,0.03,1.0,-1.0,0.5,,,,,,,,,,,,,,,,,,,0.0,0.0,False,6.4,251188643150959.25,251188643150959.25,1.0,8,0,2
2012-02-02 13:34:41,2012,2,2,13,34.0,41.0,4.0,1.0,7.0,,0.0,VANUATU,VANUATU ISLANDS,-17.827,167.133,0.08,1.0,-1.0,0.5,,,,,,,,,,,,,,,,,,,0.0,0.0,False,7.0,1995262314968882.8,2246450958119842.0,2.0,18,0,0
2012-02-06 03:49:12,2012,2,6,3,49.0,12.0,4.0,1.0,6.7,,0.0,PHILIPPINES,TANON STRAIT,9.999,123.206,5.0,32.0,-1.0,0.5,,,,,,4.0,1.0,,,51.0,2.0,112.0,3.0,3.0,15000.0,4.0,,,0.0,9000000.0,False,6.7,707945784384140.2,2954396742503982.0,3.0,74,0,0
2012-03-03 12:19:55,2012,3,3,12,19.0,55.0,3.0,1.0,6.6,,0.0,NEW CALEDONIA,LOYALTY ISLANDS,-22.141,170.34,0.04,1.0,-1.0,0.5,,,,,,,,,,,,,,,,,,,0.0,0.0,False,6.6,501187233627271.44,3204395332980294.5,3.0,35,0,2
2012-03-09 07:09:51,2012,3,9,7,9.0,51.0,4.0,1.0,6.7,,0.0,VANUATU,OFF EAST COAST OF VANUATU,-19.125,169.613,0.05,3.0,-1.0,0.5,,,,,,,,,,,,,,,,,,,0.0,0.0,False,6.7,707945784384140.2,1209133018011411.8,2.0,22,0,0
2012-03-14 09:08:35,2012,3,14,9,8.0,35.0,4.0,1.0,6.9,,0.0,JAPAN,HOKKAIDO ISLAND,40.887,144.944,0.2,2.0,-1.0,0.5,,,,,,,,,,,,,,,,,,,0.0,0.0,False,6.9,1412537544622761.2,2621670562634173.0,3.0,140,0,0
2012-04-14 22:05:26,2012,4,14,22,5.0,26.0,4.0,1.0,6.3,,0.0,VANUATU,VANUATU ISLANDS,-18.972,168.741,0.0,1.0,-1.0,0.5,,,,,,,,,,,,,,,,,,,0.0,0.0,False,6.3,177827941003892.28,177827941003892.28,1.0,21,0,0
2012-08-31 12:47:33,2012,8,31,12,47.0,33.0,4.0,1.0,7.6,,0.0,PHILIPPINES,PHILIPPINE ISLANDS,10.811,126.638,0.15,17.0,-1.0,0.5,,,,,,,,,,1.0,1.0,1.0,1.0,1.0,,1.0,,,0.0,300000.0,False,7.6,1.5848931924611108e+16,1.5848931924611108e+16,1.0,76,0,0
2012-12-07 08:18:23,2012,12,7,8,18.0,23.0,4.0,1.0,7.2,,0.0,JAPAN,OFF EAST COAST OF HONSHU ISLAND,37.89,143.949,1.0,3.0,-1.0,0.5,,,,,,,,,,,,11.0,1.0,,,,,,0.0,0.0,False,7.2,3981071705534985.5,3981071705534985.5,1.0,130,0,0
2013-02-06 01:12:26,2013,2,6,1,12.0,26.0,4.0,1.0,7.9,,0.0,SOLOMON ISLANDS,SANTA CRUZ ISLANDS,-10.766,165.114,11.0,124.0,-1.0,0.5,10.0,1.0,15.0,1.0,3.0,588.0,3.0,478.0,3.0,10.0,1.0,15.0,1.0,4.0,588.0,3.0,478.0,3.0,0.0,36000000.0,False,7.9,4.466835921509653e+16,4.466835921509653e+16,1.0,8,0,0
2013-02-08 15:26:38,2013,2,8,15,26.0,38.0,4.0,1.0,7.0,,0.0,SOLOMON ISLANDS,SANTA CRUZ ISLANDS,-10.928,166.018,0.09,1.0,-1.0,0.5,,,,,,,,,,,,,,,,,,,0.0,0.0,False,7.0,1995262314968882.8,4.666362153006541e+16,2.0,9,0,0
2013-04-19 03:05:53,2013,4,19,3,5.0,53.0,2.0,1.0,7.2,,0.0,RUSSIA,S. KURIL ISLANDS,46.221,150.788,0.2,1.0,-1.0,0.5,,,,,,,,,,,,,,,,,,,0.0,0.0,False,7.2,3981071705534985.5,3981071705534985.5,1.0,148,0,3
2013-10-25 17:10:20,2013,10,25,17,10.0,20.0,4.0,1.0,7.1,,0.0,JAPAN,E. COAST HONSHU ISLAND,37.156,144.661,0.4,9.0,-1.0,0.5,,,,,,,,,,,,1.0,1.0,,,,,,0.0,0.0,False,7.1,2818382931264449.0,2818382931264449.0,1.0,125,0,0
2014-04-12 20:14:39,2014,4,12,20,14.0,39.0,4.0,1.0,7.6,,0.0,SOLOMON ISLANDS,SOLOMON ISLANDS,-11.27,162.148,0.05,8.0,-1.0,0.5,,,,,,,,,,,,,,,,,,,0.0,0.0,False,7.6,1.5848931924611108e+16,1.5848931924611108e+16,1.0,7,0,0
2014-04-13 12:36:19,2014,4,13,12,36.0,19.0,4.0,1.0,7.4,,0.0,SOLOMON ISLANDS,SOLOMON ISLANDS,-11.463,162.051,0.16,9.0,-1.0,0.5,,,,,,,,,,,,,,,,,,,0.0,0.0,False,7.4,7943282347242854.0,2.379221427185396e+16,2.0,7,0,0
2014-04-19 13:29:21,2014,4,19,13,29.0,21.0,4.0,1.0,7.5,,0.0,PAPUA NEW GUINEA,SOLOMON SEA,-6.755,155.024,0.11,1.0,-1.0,0.5,,,,,,,,,,,,,,,,,,,0.0,0.0,False,7.5,1.1220184543019652e+16,3.5012398814873616e+16,3.0,62,0,0
2014-07-11 19:23:01,2014,7,11,19,23.0,1.0,4.0,1.0,6.5,,0.0,JAPAN,SANRIKU,37.005,142.453,0.2,6.0,-1.0,0.5,,,,,,,,,,,,,1.0,1.0,,,,,0.0,0.0,False,6.5,354813389233576.06,354813389233576.06,1.0,124,0,0
2014-11-15 02:31:42,2014,11,15,2,31.0,42.0,3.0,1.0,7.1,,0.0,INDONESIA,N. MOLUCCAS ISLANDS,1.893,126.522,0.09,3.0,-1.0,0.5,,,,,,,,,,,,,,,,,,,0.0,0.0,False,7.1,2818382931264449.0,2818382931264449.0,1.0,103,0,2
2015-02-16 23:06:28,2015,2,16,23,6.0,28.0,4.0,1.0,6.7,,0.0,JAPAN,HONSHU,39.856,142.881,0.27,3.0,-1.0,0.5,,,,,,,,,,,,,,,,,,,0.0,0.0,False,6.7,707945784384140.2,707945784384140.2,1.0,136,0,0
2015-02-19 13:18:33,2015,2,19,13,18.0,33.0,4.0,1.0,6.4,,0.0,VANUATU,VANUATU ISLANDS,-16.431,168.148,8.0,6.0,-1.0,0.5,,,,,1.0,,,,,,,,,1.0,,,,1.0,0.0,0.0,False,6.4,251188643150959.25,959134427535099.6,2.0,16,0,0
2015-03-29 23:48:31,2015,3,29,23,48.0,31.0,4.0,1.0,7.5,,0.0,PAPUA NEW GUINEA,BISMARCK SEA,-4.729,152.562,0.5,2.0,-1.0,0.5,,,,,,,,,,,,,,,,,,,0.0,0.0,False,7.5,1.1220184543019652e+16,1.1220184543019652e+16,1.0,54,0,0
2015-05-02 16:50:43,2015,5,2,16,50.0,43.0,3.0,1.0,5.7,7537.0,0.0,JAPAN,S. OF HONSHU ISLAND,31.529,140.213,0.6,16.0,-1.0,0.5,,,,,,,,,,,,,,,,,,,0.0,0.0,False,5.7,22387211385683.47,22387211385683.47,1.0,112,0,2
2015-05-05 01:44:06,2015,5,5,1,44.0,6.0,3.0,1.0,7.5,,0.0,PAPUA NEW GUINEA,NEW BRITAIN,-5.462,151.875,1.0,1.0,-1.0,0.5,,,,,,,,,,,,,,1.0,,,,1.0,0.0,0.0,False,7.5,1.1220184543019652e+16,1.1242571754405336e+16,2.0,53,0,2
2015-07-10 04:12:42,2015,7,10,4,12.0,42.0,4.0,1.0,6.7,,0.0,SOLOMON ISLANDS,SOLOMON ISLANDS,-9.307,158.403,0.01,1.0,-1.0,0.5,,,,,,,,,,,,,,,,,,,0.0,0.0,False,6.7,707945784384140.2,707945784384140.2,1.0,71,0,0
2015-07-18 02:27:34,2015,7,18,2,27.0,34.0,4.0,1.0,7.0,,0.0,SOLOMON ISLANDS,SANTA CRUZ ISLANDS,-10.401,165.141,0.09,5.0,-1.0,0.5,,,,,,,,,,,,,,,,,,,0.0,0.0,False,7.0,1995262314968882.8,2703208099353023.0,2.0,4,0,0
2015-11-13 20:51:31,2015,11,13,20,51.0,31.0,4.0,1.0,6.7,,0.0,JAPAN,JAPAN,31.001,128.873,0.3,1.0,-1.0,0.5,,,,,,,,,,,,,,,,,,,0.0,0.0,False,6.7,707945784384140.2,707945784384140.2,1.0,107,0,0
2015-11-18 18:31:05,2015,11,18,18,31.0,5.0,4.0,1.0,6.8,,0.0,SOLOMON ISLANDS,SOLOMON ISLANDS,-8.899,158.422,0.1,1.0,-1.0,0.5,,,,,,,,,,,,,,,,,,,0.0,0.0,False,6.8,1000000000000000.0,1707945784384140.2,2.0,71,0,0
2016-03-02 12:49:48,2016,3,2,12,49.0,48.0,4.0,1.0,7.8,,0.0,INDONESIA,SW. SUMATRA,-4.952,94.33,0.21,13.0,-1.0,0.5,,,,,,,,,,,,,,,,,,,0.0,0.0,False,7.8,3.162277660168379e+16,3.162277660168379e+16,1.0,56,0,0
2016-04-03 08:23:52,2016,4,3,8,23.0,52.0,3.0,1.0,6.9,,0.0,VANUATU,VANUATU ISLANDS,-14.324,166.855,0.03,2.0,-1.0,0.5,,,,,,,,,,,,,,,,,,,0.0,0.0,False,6.9,1412537544622761.2,1412537544622761.2,1.0,12,0,2
2016-04-28 19:33:24,2016,4,28,19,33.0,24.0,3.0,1.0,7.0,,0.0,VANUATU,VANUATU ISLANDS,-16.043,167.379,0.02,2.0,-1.0,0.5,,,,,,,,,,,,,,,,,,,0.0,0.0,False,7.0,1995262314968882.8,3407799859591644.0,2.0,15,0,2
2016-08-12 01:26:36,2016,8,12,1,26.0,36.0,4.0,1.0,7.2,,0.0,NEW CALEDONIA,LOYALTY ISLANDS,-22.477,173.117,0.19,1.0,-1.0,0.5,,,,,,,,,,,,,,,,,,,0.0,0.0,False,7.2,3981071705534985.5,3981071705534985.5,1.0,36,0,0
2016-08-20 09:01:26,2016,8,20,9,1.0,26.0,4.0,1.0,6.0,,0.0,JAPAN,SANRIKU,40.394,143.68,0.01,0.0,-1.0,0.5,,,,,,,,,,,,,,,,,,,0.0,0.0,False,6.0,63095734448019.43,4044167439983005.0,2.0,137,0,0
2016-11-21 20:59:49,2016,11,21,20,59.0,49.0,4.0,1.0,6.9,,0.0,JAPAN,E. COAST HONSHU ISLAND,37.393,141.387,1.44,44.0,-1.0,0.5,,,,,1.0,,,,,,,,1.0,1.0,,,,,0.0,0.0,False,6.9,1412537544622761.2,1412537544622761.2,1.0,123,0,0
2016-12-08 17:38:46,2016,12,8,17,38.0,46.0,4.0,1.0,7.8,,0.0,SOLOMON ISLANDS,SOLOMON ISLANDS,-10.681,161.327,0.43,13.0,-1.0,0.5,,,,,,,,,,1.0,1.0,,,1.0,191.0,3.0,126.0,3.0,0.0,0.0,False,7.8,3.162277660168379e+16,3.303531414630655e+16,2.0,6,0,0
2016-12-09 19:10:07,2016,12,9,19,10.0,7.0,4.0,1.0,6.9,,0.0,SOLOMON ISLANDS,SOLOMON ISLANDS,-10.749,161.132,0.05,5.0,-1.0,0.5,,,,,,,,,,,,,,,,,,,0.0,0.0,False,6.9,1412537544622761.2,3.444785169092931e+16,3.0,6,0,0
2016-12-17 10:51:10,2016,12,17,10,51.0,10.0,4.0,1.0,7.9,,0.0,PAPUA NEW GUINEA,SOLOMON SEA,-4.505,153.522,0.08,5.0,-1.0,0.5,,,,,,,,,,,,,,,,,,,0.0,0.0,False,7.9,4.466835921509653e+16,7.911621090602584e+16,4.0,55,0,0
2017-01-03 21:52:31,2017,1,3,21,52.0,31.0,4.0,1.0,6.9,,0.0,FIJI,FIJI ISLANDS,-19.373,176.052,0.07,2.0,-1.0,0.5,,,,,,,,,,,,,,,,,,,0.0,0.0,False,6.9,1412537544622761.2,7.911621090602584e+16,4.0,23,0,0
2017-01-22 04:30:23,2017,1,22,4,30.0,23.0,4.0,1.0,7.9,,0.0,PAPUA NEW GUINEA,BOUGAINVILLE ISLAND,-6.246,155.172,0.04,1.0,-1.0,0.5,,,,,,,,,,3.0,1.0,,,1.0,,3.0,,,0.0,0.0,False,7.9,4.466835921509653e+16,4.608089675971929e+16,2.0,59,0,0
2017-04-28 20:23:17,2017,4,28,20,23.0,17.0,4.0,1.0,6.9,,0.0,PHILIPPINES,"SOCCSKSARGEN, PHILIPPINES",5.504,125.066,0.2,1.0,-1.0,0.5,,,2.0,1.0,,,,,,,,7.0,1.0,1.0,1.0,1.0,,1.0,0.0,0.0,False,6.9,1412537544622761.2,1412537544622761.2,1.0,157,0,0
2017-07-13 03:36:08,2017,7,13,3,36.0,8.0,3.0,1.0,6.4,,0.0,PAPUA NEW GUINEA,SOLOMON SEA,-4.779,153.211,0.04,2.0,-1.0,0.5,,,,,,,,,,,,,,,,,,,0.0,0.0,False,6.4,251188643150959.25,251188643150959.25,1.0,54,0,2
2017-10-31 00:42:09,2017,10,31,0,42.0,9.0,4.0,1.0,6.7,,0.0,NEW CALEDONIA,LOYALTY ISLANDS,-21.697,169.149,0.15,4.0,-1.0,0.5,,,,,,,,,,,,,,,,,,,0.0,0.0,False,6.7,707945784384140.2,707945784384140.2,1.0,34,0,0
2017-11-01 02:23:58,2017,11,1,2,23.0,58.0,4.0,1.0,6.6,,0.0,NEW CALEDONIA,LOYALTY ISLANDS,-21.648,168.859,0.1,4.0,-1.0,0.5,,,,,,,,,,,,,,,,,,,0.0,0.0,False,6.6,501187233627271.44,1209133018011411.8,2.0,34,0,0
2017-11-19 09:25:49,2017,11,19,9,25.0,49.0,4.0,1.0,6.3,,0.0,NEW CALEDONIA,LOYALTY ISLANDS,-21.638,168.673,0.05,1.0,-1.0,0.5,,,,,,,,,,,,,,,,,,,0.0,0.0,False,6.3,177827941003892.28,1386960959015304.0,3.0,34,0,0
2017-11-19 15:09:03,2017,11,19,15,9.0,3.0,4.0,1.0,6.6,,0.0,NEW CALEDONIA,LOYALTY ISLANDS,-21.503,168.598,0.08,1.0,-1.0,0.5,,,,,,,,,,,,,,,,,,,0.0,0.0,False,6.6,501187233627271.44,1888148192642575.5,4.0,34,0,0
2017-11-19 22:43:29,2017,11,19,22,43.0,29.0,4.0,1.0,7.0,,0.0,NEW CALEDONIA,LOYALTY ISLANDS,-21.325,168.672,0.37,6.0,-1.0,0.5,,,,,,,,,,,,,,,,,,,0.0,0.0,False,7.0,1995262314968882.8,3883410507611457.5,5.0,33,0,0
2018-05-06 06:03:59,2018,5,6,6,3.0,59.0,4.0,1.0,5.4,7541.0,0.0,JAPAN,S. OF HONSHU ISLAND,31.444,140.193,0.15,1.0,-1.0,0.5,,,,,,,,,,,,,,,,,,,0.0,0.0,False,5.4,7943282347242.8545,7943282347242.8545,1.0,109,0,0
2018-07-28 22:47:39,2018,7,28,22,47.0,39.0,3.0,1.0,6.4,,0.0,INDONESIA,BALI SEA,-8.24,116.508,2.5,2.0,-1.0,0.5,,,,,1.0,,1.0,,,17.0,1.0,355.0,3.0,3.0,5448.0,4.0,,3.0,0.0,0.0,False,6.4,251188643150959.25,251188643150959.25,1.0,65,0,2
2018-08-05 11:46:39,2018,8,5,11,46.0,39.0,4.0,1.0,6.9,,0.0,INDONESIA,BALI SEA,-8.258,116.438,2.0,6.0,-1.0,0.5,,,,,,,,,,560.0,3.0,7733.0,4.0,4.0,,3.0,83392.0,4.0,0.0,509000000.0,False,6.9,1412537544622761.2,1663726187773720.5,2.0,64,0,0
2018-08-19 04:11:04,2018,8,19,4,11.0,4.0,3.0,1.0,6.3,,0.0,INDONESIA,BALI SEA,-8.337,116.599,0.0,0.0,-1.0,0.5,,,,,,,,,,2.0,1.0,1.0,1.0,2.0,,,1705.0,4.0,0.0,0.0,False,6.3,177827941003892.28,1841554128777612.8,3.0,65,0,2
2018-08-29 03:51:56,2018,8,29,3,51.0,56.0,4.0,1.0,7.1,,0.0,NEW CALEDONIA,LOYALTY ISLANDS,-22.03,170.126,0.27,8.0,-1.0,0.5,,,,,,,,,,,,,,,,,,,0.0,0.0,False,7.1,2818382931264449.0,4408748416891102.5,3.0,35,0,0
2018-09-28 10:02:45,2018,9,28,10,2.0,45.0,4.0,3.0,7.5,,3.0,INDONESIA,SULAWESI,-0.256,119.846,10.73,291.0,-1.0,0.5,4340.0,4.0,10679.0,4.0,4.0,3673.0,4.0,39191.0,4.0,4340.0,4.0,10679.0,4.0,4.0,3673.0,4.0,39191.0,4.0,1500000000.0,1500000000.0,False,7.5,1.1220184543019652e+16,1.1220184543019652e+16,1.0,72,2,0
2018-10-16 01:03:44,2018,10,16,1,3.0,44.0,4.0,1.0,6.5,,0.0,NEW CALEDONIA,LOYALTY ISLANDS,-21.743,169.522,0.05,1.0,-1.0,0.5,,,,,,,,,,,,,,,,,,,0.0,0.0,False,6.5,354813389233576.06,1.1574997932253228e+16,2.0,35,0,0
2018-12-05 04:18:42,2018,12,5,4,18.0,42.0,4.0,1.0,7.5,,0.0,NEW CALEDONIA,LOYALTY ISLANDS,-21.95,169.427,4.0,35.0,-1.0,0.5,,,,,1.0,,,,1.0,,,,,1.0,,,,1.0,0.0,0.0,False,7.5,1.1220184543019652e+16,1.1220184543019652e+16,1.0,34,0,0
2019-05-14 12:58:25,2019,5,14,12,58.0,25.0,2.0,1.0,7.6,,0.0,PAPUA NEW GUINEA,"RABAUL, NEW BRITAIN",-4.051,152.597,0.0,0.0,-1.0,0.5,,,,,,,,,,,,,1.0,1.0,,1.0,,1.0,0.0,0.0,False,7.6,1.5848931924611108e+16,1.5848931924611108e+16,1.0,50,0,3
2019-06-18 13:22:19,2019,6,18,13,22.0,19.0,4.0,1.0,6.4,,0.0,JAPAN,NIIGATA,38.646,139.472,0.11,8.0,-1.0,0.5,,,,,,,,,,,,28.0,1.0,2.0,,,144.0,3.0,0.0,0.0,False,6.4,251188643150959.25,251188643150959.25,1.0,132,0,0
2019-08-02 12:03:27,2019,8,2,12,3.0,27.0,2.0,1.0,6.9,,0.0,INDONESIA,W. JAVA,-7.282,104.791,0.0,6.0,-1.0,0.5,,,,,,,,,,8.0,1.0,8.0,1.0,2.0,13.0,1.0,458.0,3.0,0.0,0.0,False,6.9,1412537544622761.2,1412537544622761.2,1.0,60,0,3
2019-11-14 16:17:40,2019,11,14,16,17.0,40.0,4.0,1.0,7.1,,0.0,INDONESIA,N. MOLUCCAS ISLANDS,1.6,126.416,0.11,8.0,-1.0,0.5,,,,,,,,,,1.0,1.0,3.0,1.0,1.0,,,36.0,1.0,0.0,0.0,False,7.1,2818382931264449.0,2818382931264449.0,1.0,102,0,0
2020-03-25 02:49:21,2020,3,25,2,49.0,21.0,4.0,1.0,7.5,,0.0,RUSSIA,N. KURIL ISLANDS,48.986,157.693,0.25,16.0,-1.0,0.5,,,,,,,,,,,,,,,,,,,0.0,0.0,False,7.5,1.1220184543019652e+16,1.1220184543019652e+16,1.0,154,0,0
2021-02-10 13:19:55,2021,2,10,13,19.0,55.0,4.0,1.0,7.7,,0.0,NEW CALEDONIA,LOYALTY ISLANDS,-23.054,171.601,0.78,40.0,-1.0,0.5,,,,,,,,,,,,,,,,,,,0.0,0.0,False,7.7,2.2387211385683468e+16,2.2387211385683468e+16,1.0,39,0,0
2021-02-13 14:07:50,2021,2,13,14,7.0,50.0,4.0,1.0,7.1,,0.0,JAPAN,OFF FUKUSHIMA PREFECTURE,37.745,141.749,0.1,4.0,-1.0,0.5,,,,,,,,,,1.0,1.0,186.0,3.0,4.0,798.0,3.0,19758.0,4.0,0.0,7700000000.0,False,7.1,2818382931264449.0,2.5205594316947916e+16,2.0,128,0,0
2021-06-16 04:43:07,2021,6,16,4,43.0,7.0,4.0,3.0,5.8,,0.0,INDONESIA,BANDA SEA,-3.593,129.503,0.51,3.0,-1.0,0.5,,,,,,,,,,,,,,1.0,,,,1.0,0.0,0.0,False,5.8,31622776601683.793,31622776601683.793,1.0,48,2,0
2021-08-11 17:46:14,2021,8,11,17,46.0,14.0,4.0,1.0,7.1,,0.0,PHILIPPINES,"MINDANAO ISLAND, PHILIPPINES",6.455,126.742,0.05,2.0,-1.0,0.5,,,,,,,,,,1.0,1.0,,,,,,,,0.0,0.0,False,7.1,2818382931264449.0,2818382931264449.0,1.0,158,0,0
2021-12-14 03:20:24,2021,12,14,3,20.0,24.0,4.0,1.0,7.3,,0.0,INDONESIA,FLORES SEA,-7.603,122.2,0.07,2.0,-1.0,0.5,,,,,,,,,,,,1.0,1.0,2.0,41.0,,200.0,3.0,0.0,0.0,False,7.3,5623413251903491.0,5623413251903491.0,1.0,66,0,0
2022-03-16 14:36:33,2022,3,16,14,36.0,33.0,4.0,1.0,7.3,,0.0,JAPAN,OFF FUKUSHIMA PREFECTURE,37.702,141.587,0.31,11.0,-1.0,0.5,,,,,,,,,,4.0,1.0,247.0,3.0,4.0,217.0,3.0,56718.0,4.0,0.0,8800000000.0,False,7.3,5623413251903491.0,5623413251903491.0,1.0,128,0,0
2022-03-30 20:56:58,2022,3,30,20,56.0,58.0,4.0,1.0,6.9,,0.0,NEW CALEDONIA,LOYALTY ISLANDS,-22.716,170.286,0.07,3.0,-1.0,0.5,,,,,,,,,,,,,,,,,,,0.0,0.0,False,6.9,1412537544622761.2,7035950796526252.0,2.0,37,0,0
2022-03-31 05:44:01,2022,3,31,5,44.0,1.0,4.0,1.0,7.0,,0.0,NEW CALEDONIA,LOYALTY ISLANDS,-22.579,170.354,0.05,1.0,-1.0,0.5,,,,,,,,,,,,,,,,,,,0.0,0.0,False,7.0,1995262314968882.8,9031213111495136.0,3.0,37,0,0
2022-07-27 00:43:24,2022,7,27,0,43.0,24.0,4.0,1.0,7.0,,0.0,PHILIPPINES,N. LUZON ISLAND,17.56,120.801,0.08,1.0,-1.0,0.5,,,,,,,,,,11.0,1.0,609.0,3.0,4.0,856.0,3.0,35924.0,4.0,0.0,48480000.0,False,7.0,1995262314968882.8,1995262314968882.8,1.0,86,0,0
2022-11-18 13:37:08,2022,11,18,13,37.0,8.0,4.0,1.0,6.9,,0.0,INDONESIA,SW. SUMATRA,-4.904,100.786,0.25,4.0,-1.0,0.5,,,,,,,,,,,,,,,,,,,0.0,0.0,False,6.9,1412537544622761.2,1412537544622761.2,1.0,51,0,0
2022-11-22 02:03:07,2022,11,22,2,3.0,7.0,4.0,1.0,7.0,,0.0,SOLOMON ISLANDS,SOLOMON ISLANDS,-9.812,159.596,0.03,1.0,-1.0,0.5,,,,,,,,,,,,3.0,1.0,2.0,,1.0,,,0.0,0.0,False,7.0,1995262314968882.8,3407799859591644.0,2.0,2,0,0
2023-01-09 17:47:35,2023,1,9,17,47.0,35.0,4.0,1.0,7.6,,0.0,INDONESIA,SOUTH MALUKU,-7.049,130.038,0.09,2.0,-1.0,0.5,,,,,,,,,,1.0,1.0,11.0,1.0,2.0,37.0,1.0,327.0,3.0,0.0,0.0,False,7.6,1.5848931924611108e+16,1.5848931924611108e+16,1.0,61,0,0
2023-04-24 20:00:57,2023,4,24,20,0.0,57.0,4.0,1.0,7.1,,0.0,INDONESIA,SW. SUMATRA,-0.799,98.524,0.11,1.0,-1.0,0.5,,,,,,,,,,,,,,1.0,,,,,0.0,0.0,False,7.1,2818382931264449.0,2818382931264449.0,1.0,29,0,0
2023-05-05 05:42:04,2023,5,5,5,42.0,4.0,4.0,1.0,6.2,,0.0,JAPAN,"NOTO PENINSULA, JAPAN",37.54,137.305,0.1,2.0,-1.0,0.5,,,,,,,,,,1.0,1.0,34.0,1.0,2.0,3.0,1.0,351.0,3.0,0.0,0.0,False,6.2,125892541179417.14,2944275472443866.0,2.0,126,0,0
2023-05-19 02:57:06,2023,5,19,2,57.0,6.0,4.0,1.0,7.7,,0.0,NEW CALEDONIA,LOYALTY ISLANDS,-23.229,170.694,0.61,27.0,-1.0,0.5,,,,,,,,,,,,,,,,,,,0.0,0.0,False,7.7,2.2387211385683468e+16,2.5331486858127336e+16,3.0,38,0,0
2023-05-20 01:51:01,2023,5,20,1,51.0,1.0,4.0,1.0,7.1,,0.0,NEW CALEDONIA,LOYALTY ISLANDS,-23.062,170.456,0.14,4.0,-1.0,0.5,,,,,,,,,,,,,,,,,,,0.0,0.0,False,7.1,2818382931264449.0,2.814986978939178e+16,4.0,37,0,0
2023-10-05 01:59:58,2023,10,5,1,59.0,58.0,4.0,1.0,6.1,,0.0,JAPAN,"IZU ISLANDS, JAPAN",29.94,139.95,0.2,1.0,-1.0,0.5,,,,,,,,,,,,,,,,,,,0.0,0.0,False,6.1,89125093813374.4,89125093813374.4,1.0,105,0,0
2023-10-06 01:31:17,2023,10,6,1,31.0,17.0,4.0,1.0,6.1,,0.0,JAPAN,"IZU ISLANDS, JAPAN",30.141,139.968,0.08,4.0,-1.0,0.5,,,,,,,,,,,,,,,,,,,0.0,0.0,False,6.1,89125093813374.4,178250187626748.8,2.0,105,0,0
2023-11-22 04:47:33,2023,11,22,4,47.0,33.0,4.0,1.0,6.7,,0.0,VANUATU,VANUATU ISLANDS,-14.985,167.983,0.06,1.0,-1.0,0.5,,,,,,,,,,,,,,,,,,,0.0,0.0,False,6.7,707945784384140.2,707945784384140.2,1.0,14,0,0
2023-12-02 14:37:03,2023,12,2,14,37.0,3.0,4.0,1.0,7.6,,0.0,PHILIPPINES,E. MINDANAO ISLAND,8.527,126.449,0.32,29.0,-1.0,0.5,,,,,,,,,,3.0,1.0,79.0,2.0,3.0,390.0,3.0,8315.0,4.0,0.0,22600000.0,False,7.6,1.5848931924611108e+16,1.6556877708995248e+16,2.0,160,0,0
2023-12-07 12:56:30,2023,12,7,12,56.0,30.0,4.0,1.0,7.1,,0.0,VANUATU,VANUATU ISLANDS,-20.659,169.206,0.08,3.0,-1.0,0.5,,,,,,,,,,,,,,,,,,,0.0,0.0,False,7.1,2818382931264449.0,1.9375260640259696e+16,3.0,33,0,0
2024-01-01 07:10:09,2024,1,1,7,10.0,9.0,4.0,3.0,7.5,,0.0,JAPAN,HONSHU: W COAST,37.487,137.271,7.23,404.0,-1.0,0.5,2.0,1.0,,,3.0,,3.0,,3.0,549.0,3.0,1393.0,4.0,4.0,29966.0,4.0,133758.0,4.0,0.0,17600000000.0,False,7.5,1.1220184543019652e+16,2.988749939889521e+16,3.0,122,2,0
2024-04-02 23:58:11,2024,4,2,23,58.0,11.0,4.0,1.0,7.4,,0.0,TAIWAN,E. TAIWAN-RYUKYU ISLANDS,23.819,121.562,1.0,12.0,-1.0,0.5,,,,,,,,,,20.0,1.0,1145.0,4.0,4.0,111.0,3.0,297.0,3.0,0.0,2500000000.0,False,7.4,7943282347242854.0,7943282347242854.0,1.0,96,0,0
2024-08-08 07:42:55,2024,8,8,7,42.0,55.0,4.0,1.0,7.1,,0.0,JAPAN,HYUGANADA SEA,31.719,131.527,0.5,10.0,-1.0,0.5,,,,,,,,,,,,14.0,1.0,1.0,1.0,1.0,2.0,1.0,0.0,0.0,False,7.1,2818382931264449.0,2818382931264449.0,1.0,111,0,0
2024-09-23 23:14:19,2024,9,23,23,14.0,19.0,4.0,1.0,5.6,,0.0,JAPAN,"IZU ISLANDS, JAPAN",31.546,140.064,0.5,6.0,-1.0,0.5,,,,,,,,,,,,,,,,,,,0.0,0.0,False,5.6,15848931924611.11,15848931924611.11,1.0,112,0,0
2024-12-17 01:47:26,2024,12,17,1,47.0,26.0,4.0,1.0,7.3,,0.0,VANUATU,VANUATU ISLANDS,-17.686,168.034,0.25,2.0,-1.0,0.5,,,,,,,,,,14.0,1.0,265.0,3.0,4.0,,,570.0,3.0,0.0,100000000.0,False,7.3,5623413251903491.0,5623413251903491.0,1.0,19,0,0
2025-01-13 12:19:32,2025,1,13,12,19.0,32.0,4.0,1.0,6.8,,0.0,JAPAN,HYUGANADA SEA,31.806,131.565,0.2,5.0,-1.0,0.5,,,,,,,,,,,,,,,,,,,0.0,0.0,False,6.8,1000000000000000.0,6623413251903491.0,2.0,111,0,0
